{
	"partitions" : [
		{
			"name" : "Top",
			"pins" : [
				{
					"name" : "lrck_dac",
					"strict" : false
				},
				{
					"name" : "sclk_dac",
					"strict" : false
				},
				{
					"name" : "sdata_dac",
					"strict" : false
				},
				{
					"name" : "sclk_adc",
					"strict" : false
				},
				{
					"name" : "lrck_adc",
					"strict" : false
				},
				{
					"name" : "dataL_adc[0]",
					"strict" : false
				},
				{
					"name" : "dataL_adc[1]",
					"strict" : false
				},
				{
					"name" : "dataL_adc[2]",
					"strict" : false
				},
				{
					"name" : "dataL_adc[3]",
					"strict" : false
				},
				{
					"name" : "dataL_adc[4]",
					"strict" : false
				},
				{
					"name" : "dataL_adc[5]",
					"strict" : false
				},
				{
					"name" : "dataL_adc[6]",
					"strict" : false
				},
				{
					"name" : "dataL_adc[7]",
					"strict" : false
				},
				{
					"name" : "dataL_adc[8]",
					"strict" : false
				},
				{
					"name" : "dataL_adc[9]",
					"strict" : false
				},
				{
					"name" : "dataL_adc[10]",
					"strict" : false
				},
				{
					"name" : "dataL_adc[11]",
					"strict" : false
				},
				{
					"name" : "dataL_adc[12]",
					"strict" : false
				},
				{
					"name" : "dataL_adc[13]",
					"strict" : false
				},
				{
					"name" : "dataL_adc[14]",
					"strict" : false
				},
				{
					"name" : "dataL_adc[15]",
					"strict" : false
				},
				{
					"name" : "dataL_adc[16]",
					"strict" : false
				},
				{
					"name" : "dataL_adc[17]",
					"strict" : false
				},
				{
					"name" : "dataL_adc[18]",
					"strict" : false
				},
				{
					"name" : "dataL_adc[19]",
					"strict" : false
				},
				{
					"name" : "dataL_adc[20]",
					"strict" : false
				},
				{
					"name" : "dataL_adc[21]",
					"strict" : false
				},
				{
					"name" : "dataL_adc[22]",
					"strict" : false
				},
				{
					"name" : "dataL_adc[23]",
					"strict" : false
				},
				{
					"name" : "dataR_adc[0]",
					"strict" : false
				},
				{
					"name" : "dataR_adc[1]",
					"strict" : false
				},
				{
					"name" : "dataR_adc[2]",
					"strict" : false
				},
				{
					"name" : "dataR_adc[3]",
					"strict" : false
				},
				{
					"name" : "dataR_adc[4]",
					"strict" : false
				},
				{
					"name" : "dataR_adc[5]",
					"strict" : false
				},
				{
					"name" : "dataR_adc[6]",
					"strict" : false
				},
				{
					"name" : "dataR_adc[7]",
					"strict" : false
				},
				{
					"name" : "dataR_adc[8]",
					"strict" : false
				},
				{
					"name" : "dataR_adc[9]",
					"strict" : false
				},
				{
					"name" : "dataR_adc[10]",
					"strict" : false
				},
				{
					"name" : "dataR_adc[11]",
					"strict" : false
				},
				{
					"name" : "dataR_adc[12]",
					"strict" : false
				},
				{
					"name" : "dataR_adc[13]",
					"strict" : false
				},
				{
					"name" : "dataR_adc[14]",
					"strict" : false
				},
				{
					"name" : "dataR_adc[15]",
					"strict" : false
				},
				{
					"name" : "dataR_adc[16]",
					"strict" : false
				},
				{
					"name" : "dataR_adc[17]",
					"strict" : false
				},
				{
					"name" : "dataR_adc[18]",
					"strict" : false
				},
				{
					"name" : "dataR_adc[19]",
					"strict" : false
				},
				{
					"name" : "dataR_adc[20]",
					"strict" : false
				},
				{
					"name" : "dataR_adc[21]",
					"strict" : false
				},
				{
					"name" : "dataR_adc[22]",
					"strict" : false
				},
				{
					"name" : "dataR_adc[23]",
					"strict" : false
				},
				{
					"name" : "send_en",
					"strict" : false
				},
				{
					"name" : "sci_tx",
					"strict" : false
				},
				{
					"name" : "rst",
					"strict" : false
				},
				{
					"name" : "clk",
					"strict" : false
				},
				{
					"name" : "sdout_adc",
					"strict" : false
				},
				{
					"name" : "sci_rx",
					"strict" : false
				}
			]
		}
	]
}